ID,ISBN,judul,kategori,jumlah
148,9789790685086,Pintar Berbahasa Indonesia,Kelas 1,0
149,9789790685147,Aku Bisa Bahasa Indonesia,Kelas 1,0
150,9789790684959,Bahasa Indonesia,Kelas 1,0
152,9789790680258,Bahasa Indonesia,Kelas 1,0
153,9794629154,Indahnya Bahasa dan Sastra Inddonesia 1,Kelas 1,0
154,9794629839,Bahasa Indonesia,Kelas 1,0
155,9796428441,Bahasa Kita Bahasa Indonesia,Kelas 1,0
156,9789790685772,Ilmu Pengetahuan Alam,Kelas 1,0
158,9789790685772,Ilmu Pengetahuan Alam,Kelas 1,0
159,9789790685727,Mengenal Alam,Kelas 1,0
160,9789790680012,Ilmu Pengetahuan Alam,Kelas 1,0
162,9794629731,A.B.I. Asiknya Belajar IPA,Kelas 1,0
163,9794629510,Ilmu Pengetahuan Alam,Kelas 1,0
164,9794628484979,Senang Belajar Ilmu Pengetahuan Alam,Kelas 1,0
165,9789790685970,Ilmu Pengetahuan Sosial,Kelas 1,0
166,9789790685970,Ilmu Pengetahuan Sosial,Kelas 1,0
168,9789790680081,Ilmu Pengetahuan Sosial 1,Kelas 1,0
169,9789790681101,Mari Belajar IPS 1,Kelas 1,0
170,9789790680081,Ilmu Pengetahuan Sosial 1,Kelas 1,0
171,9794629960,Ilmu Pengetahuan Sosial SD / MI,Kelas 1,0
172,9794629928,Ilmu Pengetahuan Sosial 1,Kelas 1,0
173,9791131341,Ilmu Pengetahuan Sosial 1,Kelas 1,0
174,9789790685284,Matematika,Kelas 1,0
177,9789790685673,Pintar Bermatematika,Kelas 1,0
178,9789790685284,Matematika,Kelas 1,0
179,9789790680760,Senang Matematika 1,Kelas 1,0
180,9789790680395,Matematika I,Kelas 1,0
181,9794629626,Dunia Matematika,Kelas 1,0
182,9794628735,Matematika Untuk SD/MI,Kelas 1,0
183,9794628212,Matematika 1,Kelas 1,0
184,9789790686540,Belajar Kewarganegaraan Indonesia,Kelas 1,0
185,9789790686250,Pendidikan Kewarganegaraan,Kelas 1,0
186,9789790686250,Pendidikan Kewarganegaraan,Kelas 1,0
187,9789790686250,Pendidikan Kewarganegaraan,Kelas 1,0
188,9789790680821,Pendidikan Kewarganegaraan 1,Kelas 1,0
190,9789790680821,Pendidikan Kewarganegaraan 1,Kelas 1,0
191,9794629200,Pendidikan Kewarganegaraan,Kelas 1,0
192,9794629200,Bahasa Indonesia,Kelas 1,0
812,9794629260,Pendidikan Kewarganegaraan SD MI Kelas 1,Kelas 1,0
813,9790000000000,Pendidikan Jasmani Olahraga dan Kesehatan untuk kelas I SD MI,Kelas 1,0
970,9786022821472,Buku Siswa SD MI Kelas 1 Tema 1 Diriku,Kelas 1,0
971,9786022821335,Buku Siswa SD MI Kelas 1 Tema 2  Kegemaranku (Edisi Revisi 2014),Kelas 1,0
972,9786021530078,Pendidikan Agama Budha dan Budi Pekerti SD/MI Kelas I,Kelas 1,0
973,9786022821403,Buku Guru SD/MI Kelas 1 Tema 6 Lingkungan Bersih Sehat dan Asri,Kelas 1,0
974,9786022821892,Buku Guru Pendidikan Agama Islam dan Budi Pekerti SD Kelas I,Kelas 1,0
975,9786022820413,Buku Guru Pendidikan Agama Khonghucu dan Budi Pekerti SD Kelas I,Kelas 1,0
1069,,Indahnya Bahasa dan Sastra Indonesia,Kelas 1,0
1070,9794628735,Matematika untuk SD MI Kelas 1,Kelas 1,0
1071,9794629731,A.B.I. Asyiknya Belajar IPA untuk kelas Sekolah Dasar kelas I,Kelas 1,0
1072,9794629960,Ilmu Pengetahuan Sosial Bangga Menjadi Insan Berwawasan Lingkungan Untuk SD/MI kelas I,Kelas 1,0
1095,,Pendidikan Agama Khonghucu Aku Seorang Junzi 1,Kelas 1,0
1096,,Seni Budaya dan Keterampilan Kelas 1 SD MI,Kelas 1,0
1230,9786021530016,Buku Siswa SD MI Kelas 1 Tema 3 Kegiatanku,Kelas 1,0
1231,9786022821373,Buku Siswa SD MI Kelas 1 Tema 4 Keluargaku,Kelas 1,0
1232,9786022821380,Buku Siswa SD MI Kelas 1 Tema 5 Pengalamanku,Kelas 1,0
1233,9786022821410,Buku Siswa SD MI Kelas 1 Tema 6 Lingkungan Bersih Sehat dan Asri,Kelas 1,0
1234,9786022821434,Buku Siswa SD MI Kelas 1 Tema 7 Benda Hewan dan Tanaman Di Sekitarku,Kelas 1,0
1235,9786022821458,Buku Siswa SD MI Kelas 1 Tema 8 Peristiwa Alam,Kelas 1,0
1236,9786022821823,Pendidikan Agama Islam dan Budi Pekerti SD/MI Kelas I,Kelas 1,0
1237,9786022821960,Pendidikan Agama Kristen dan Budi Pekerti SD Kelas I,Kelas 1,0
1238,9786022822103,Pendidikan Agama Katholik dan Budi Pekerti SD/MI Kelas I,Kelas 1,0
1239,9789791274883,Pendidikan Agama Hindu SD/MI Kelas I,Kelas 1,0
1240,9786022820413,Pendidikan Agama Konghucu dan Budi Pekerti SD/MI Kelas I,Kelas 1,0
1241,9786022821304,Buku Guru SD/MI Kelas 1 Tema 1 Diriku,Kelas 1,0
1242,9786022821328,Buku Guru SD/MI Kelas 1 Tema 2 Kegemaranku,Kelas 1,0
1243,9786022821342,Buku Guru SD/MI Kelas 1 Tema 3 Kegiatanku,Kelas 1,0
1244,9786022821366,Buku Guru SD/MI Kelas 1 Tema 4 Keluargaku,Kelas 1,0
1245,9786022821380,Buku Guru SD/MI Kelas 1 Tema 5 Pengalamanku,Kelas 1,0
1246,9786022821427,Buku Guru SD/MI Kelas 1 Tema 7 Benda Hewan dan Tanaman Di Sekitarku,Kelas 1,0
1247,9786022821441,Buku Guru SD/MI Kelas 1 Tema 8 Peristiwa Alam,Kelas 1,0
1248,9786022822172,Buku Guru Pendidikan Agama Katholik dan Budi Pekerti SD kelas I,Kelas 1,0
1249,9786022822455,Buku Guru Pendidikan Agama Hindu dan Budi Pekerti SD kelas I,Kelas 1,0
1250,9786022822455,Buku Guru Pendidikan Agama Budha dan Budi Pekerti SD kelas I,Kelas 1,0
2267,9786022821472,Buku Siswa: SD MI Kelas 1 Tema 1 Diriku,Kelas 1,0
2268,9786022821335,Buku Siswa: SD MI Kelas 1 Tema 2 Kegemaranku (Edisi Revisi 2014),Kelas 1,0
2269,9786021530016,Buku Siswa: SD MI Kelas 1 Tema 3 Kegiatanku,Kelas 1,0
2270,9786022821373,Buku Siswa: SD MI Kelas 1 Tema 4 Keluargaku,Kelas 1,0
2271,9786022821380,Buku Siswa: SD MI Kelas 1 Tema 5 Pengalamanku,Kelas 1,0
2272,9786022821410,Buku Siswa: SD MI Kelas 1 Tema 6 Lingkungan Bersih Sehat dan Asri,Kelas 1,0
2273,9786022821434,Buku Siswa: SD MI Kelas 1 Tema 7 Benda Hewan dan Tanaman di Sekitarku,Kelas 1,0
2274,9786022821458,Buku Siswa: SD MI Kelas 1 Tema 8 Peristiwa Alam,Kelas 1,0
2275,9786022821823,Buku Siswa: Pendidikan Agama Islam dan Budi Pekerti SD MI Kelas I,Kelas 1,0
2276,9786022821960,Buku Siswa: Pendidikan Agama Kristen dan Budi Pekerti SD Kelas I,Kelas 1,0
2277,9786022822103,Buku Siswa: Pendidikan Agama Katholik dan Budi Pekerti SD MI Kelas I,Kelas 1,0
2278,9789791274883,Buku Siswa: Pendidikan Agama Hindu SD MI Kelas I,Kelas 1,0
2279,9786021530078,Buku Siswa: Pendidikan Agama Budha dan Budi Pekerti SD MI Kelas I,Kelas 1,0
2280,9786022820413,Buku Siswa: Pendidikan Agama Konghucu dan Budi Pekerti SD MI Kelas I,Kelas 1,0
2281,9789792817843,Kulina Basa Jawa Kangge Kelas 1 SD MI,Kelas 1,0
2282,9789792820683,Sinau Basa Jawa Kelas 1 SD,Kelas 1,0
2283,9786022821304,Buku Guru: SD MI Kelas 1 Tema 1 Diriku,Kelas 1,0
2284,9786022821328,Buku Guru: SD MI Kelas 1 Tema 2 Kegemaranku,Kelas 1,0
2285,9786022821342,Buku Guru: SD MI Kelas 1 Tema 3 Kegiatanku,Kelas 1,0
2286,9786022821366,Buku Guru: SD MI Kelas 1 Tema 4 Keluargaku,Kelas 1,0
2287,9786022821380,Buku Guru: SD MI Kelas 1 Tema 5 Pengalamanku,Kelas 1,0
2288,9786022821403,Buku Guru: SD MI Kelas 1 Tema 6 Lingkungan Bersih Sehat dan Asri,Kelas 1,0
2289,9786022821427,Buku Guru: SD MI Kelas 1 Tema 7 Benda Hewan dan Tanaman di Sekitarku,Kelas 1,0
2290,9786022821441,Buku Guru: SD MI Kelas 1 Tema 8 Peristiwa Alam,Kelas 1,0
2291,9786022821892,Buku Guru: Pendidikan Agama Islam dan Budi Pekerti SD Kelas I,Kelas 1,0
2292,9786022822172,Buku Guru: Pendidikan Agama Katholik dan Budi Pekerti SD kelas I,Kelas 1,0
2293,9786022822455,Buku Guru: Pendidikan Agama Hindu dan Budi Pekerti SD kelas I,Kelas 1,0
2294,9786022822455,Buku Guru: Pendidikan Agama Budha dan Budi Pekerti SD kelas I,Kelas 1,0
2295,9786022820413,Buku Guru: Pendidikan Agama Khonghucu dan Budi Pekerti SD Kelas I,Kelas 1,0
2548,9794629154,Indahnya Bahasa dan Sastra Indonesia,Kelas 1,0
2549,9794628735,Matematika untuk SD MI Kelas 1,Kelas 1,0
2550,9794629731,A.B.I. Asyiknya Belajar IPA untuk kelas Sekolah Dasar kelas I,Kelas 1,0
2551,9794629960,Ilmu Pengetahuan Sosial Bangga Menjadi Insan Berwawasan Lingkungan untuk SD MI kelas I,Kelas 1,0
2552,,Seni Budaya dan Keterampilan Kelas 1 SD MI,Kelas 1,0
2553,9789790950054,Pendidikan Jasmani Olahraga dan Kesehatan untuk kelas I SD MI,Kelas 1,0
2554,9789792817843,Kulina Basa Jawa 1 SD,Kelas 1,0
2555,,Sinau Basa Jawa 1 SD,Kelas 1,0
2557,9789790956292,Pendidikan Agama Khonghucu Aku Seorang Junzi 1,Kelas 1,0
193,9789790685192,Belajar Bahasa Indonesia Itu Menyenangkan,Kelas 2,0
194,9789790684959,Pintar Berbahasa Indonesia,Kelas 2,0
197,9789790685147,Ilmu Pengetahuan Alam dan Lingkunganku,Kelas 2,0
198,9789790680333,Bersahabat Dengan Ilmu Pengetahuan Alam 1,Kelas 2,0
199,9789790680258,Ilmu Pengetahuan Sosial,Kelas 2,0
200,9794629847,Matematika,Kelas 2,0
202,9794628417,Pendidikan Kewarganegaraan 1,Kelas 2,0
206,9789790685772,Ilmu Pengetahuan Alam dan Lingkunganku,Kelas 2,0
207,9789790680012,Ilmu Pengetahuan Alam,Kelas 2,0
209,9789790680357,Asyiknya Belajar Ilmu Pengetahuan Alam 2,Kelas 2,0
210,9794629758,Mari Belajar Ilmu Pengetahuan Alam 2,Kelas 2,0
211,9794629529,Ilmu Pengetahuan Alam,Kelas 2,0
212,9794628794,Ilmu Pengetahuan Alam 2,Kelas 2,0
213,9794628484979,Senang Belajar Ilmu Pengetahuan Alam,Kelas 2,0
214,9789790685970,Ilmu Pengetahuan Sosial,Kelas 2,0
215,9789790685970,Ilmu Pengetahuan Sosial,Kelas 2,0
216,9789790685970,Ilmu Pengetahuan Sosial,Kelas 2,0
217,9789790680081,Ilmu Pengetahuan Sosial,Kelas 2,0
219,9794628727,Mengenal Lingkungan Sekitar,Kelas 2,0
223,9789790685284,Matematika,Kelas 2,0
224,9789790685673,Pintar Bermatematika,Kelas 2,0
225,9789790685284,Matematika,Kelas 2,0
226,9789790685284,Matematika,Kelas 2,0
227,9780979068081,Gemar Matematika 2,Kelas 2,0
228,9789790680395,Matematika II,Kelas 2,0
229,9789790680524,Ayo Belajar Matematika 2,Kelas 2,0
230,9794629332,Senang Matematika untuk SD/MI,Kelas 2,0
231,9794628220,Matematika 2,Kelas 2,0
232,9789790686250,Pendidikan Kewarganegaraan,Kelas 2,0
233,9789790686489,Terampil Cerdas Belajar Pendidikan Kewarganegaraan,Kelas 2,0
234,9789790686250,Wahana Belajar Pendidikan Kewarganegaraan,Kelas 2,0
235,9789790686250,Pendidikan Kewarganegaraan 2,Kelas 2,0
236,9789790686250,Pendidikan Kewarganegaraan,Kelas 2,0
237,9789790686250,Pendidikan Kewarganegaraan,Kelas 2,0
239,9789790680821,Pendidikan Kewarganegaraan 2,Kelas 2,0
240,9794629278,Pendidikan Kewarganegaraan,Kelas 2,0
241,9794629472,Pendidikan Kewarganegaraan SD,Kelas 2,0
242,9794628719,Pendidikan Kewarganegaraan,Kelas 2,0
814,9794629278,Pendidikan Kewarganegaraan SD MI Kelas 2,Kelas 2,0
815,9794629162,Indahnya Bahasa dan Sastra Indonesia Untuk SD MI Kelas II,Kelas 2,0
816,9794629322,Senang Matematika  untuk sd mi kelas 2,Kelas 2,0
817,9790000000000,Pendidikan Jasmani Olahraga dan Kesehatan untuk kelas II SD MI,Kelas 2,0
976,9786022825012,Buku Siswa SD MI Kelas 2 Tema 5 Hidup Bersih dan Sehat,Kelas 2,0
977,9786022825036,Buku Siswa SD MI Kelas 2 Tema 6 Air Bumi dan Matahari,Kelas 2,0
978,9786022820482,Buku Guru Pendidikan Agama Islam dan Budi Pekerti SD Kelas II,Kelas 2,0
1073,9794628794,Ilmu Pengetahuan Alam 2 Untuk SD/MI Kelas 2,Kelas 2,0
1074,9794628727,Mengenal Lingkungan Sekitar kelas Ilmu Pengetahuan Sosial untuk Kelas II SD/MI,Kelas 2,0
1097,,Pendidikan Agama Khonghucu Aku Seorang Junzi 2,Kelas 2,0
1251,9786022821656,Buku Siswa SD MI Kelas 2 Tema 1 Hidup Rukun,Kelas 2,0
1252,9786022821670,Buku Siswa SD MI Kelas 2 Tema 2 Bermain Di Lingkunganku,Kelas 2,0
1253,9786022821717,Buku Siswa SD MI Kelas 2 Tema 4 Aku dan Sekolahku,Kelas 2,0
1254,9786022821656,Buku Siswa SD MI Kelas 2 Tema 7 Merawat Hewan Dantumbuhan,Kelas 2,0
1255,9786022825074,Buku Siswa SD MI Kelas 2 Tema 8 Keselamatan Di Rumah dan Perjalanan,Kelas 2,0
1256,9789791274678,Pendidikan Agama Islam dan Budi Pekerti SD/MI Kelas II,Kelas 2,0
1257,9789791274746,Pendidikan Agama Kristen dan Budi Pekerti SD Kelas II,Kelas 2,0
1258,9789791274814,Pendidikan Agama Katholik dan Budi Pekerti Menjadi Murid Yesus SD Kelas II,Kelas 2,0
1259,9789791274883,Buku Siswa Pendidikan Agama Hindu dan Budi Pekerti SD kelas II,Kelas 2,0
1260,9786021530078,Buku Siswa Pendidikan Agama Budha dan Budi Pekerti SD kelas II,Kelas 2,0
1261,9786021530146,Buku Siswa Pendidikan Agama Konghucu dan Budi Pekerti kelas II,Kelas 2,0
1262,9786022821649,Buku Guru SD/MI Kelas 2 Tema 1 Hidup rukun,Kelas 2,0
1263,9786022821663,Buku Guru SD/MI Kelas 2 Tema 2 Bermain Di Lingkunganku,Kelas 2,0
1264,9786022821687,Buku Guru SD/MI Kelas 2 Tema 3 Tugasku Sehari-hari,Kelas 2,0
1265,9786022821700,Buku Guru SD/MI Kelas 2 Tema 4 Aku dan Sekolahku,Kelas 2,0
1266,9786022825029,Buku Guru SD/MI Kelas 2 Tema 5 Hidup Bersih dan Sehat,Kelas 2,0
1267,9786022820413,Buku Guru Pendidikan Agama Kristen dan Budi Pekerti SD kelas II,Kelas 2,0
1268,9786021530283,Buku Guru Pendidikan Agama Hindu dan Budi Pekerti SD kelas II,Kelas 2,0
2296,9786022821656,Buku Siswa: SD MI Kelas 2 Tema 1 Hidup Rukun,Kelas 2,0
2297,9786022821670,Buku Siswa: SD MI Kelas 2 Tema 2 Bermain di Lingkunganku,Kelas 2,0
2298,9786022821717,Buku Siswa: SD MI Kelas 2 Tema 4 Aku dan Sekolahku,Kelas 2,0
2299,9786022825012,Buku Siswa: SD MI Kelas 2 Tema 5 Hidup Bersih dan Sehat,Kelas 2,0
2300,9786022825036,Buku Siswa: SD MI Kelas 2 Tema 6 Air Bumi dan Matahari,Kelas 2,0
2301,9786022821656,Buku Siswa: SD MI Kelas 2 Tema 7 Merawat Hewan Dantumbuhan,Kelas 2,0
2302,9786022825074,Buku Siswa: SD MI Kelas 2 Tema 8 Keselamatan di Rumah dan Perjalanan,Kelas 2,0
2303,9789791274678,Buku Siswa: Pendidikan Agama Islam dan Budi Pekerti SD MI Kelas II,Kelas 2,0
2304,9789791274746,Buku Siswa: Pendidikan Agama Kristen dan Budi Pekerti SD Kelas II,Kelas 2,0
2305,9789791274814,Buku Siswa: Pendidikan Agama Katholik dan Budi Pekerti Menjadi Murid Yesus SD Kelas II,Kelas 2,0
2306,9789791274883,Buku Siswa: Pendidikan Agama Hindu dan Budi Pekerti SD kelas II,Kelas 2,0
2307,9786021530078,Buku Siswa: Pendidikan Agama Budha dan Budi Pekerti SD kelas II,Kelas 2,0
2308,9786021530146,Buku Siswa: Pendidikan Agama Konghucu dan Budi Pekerti kelas II,Kelas 2,0
2309,9789792817850,Kulina Basa Jawa Kangge Kelas 2 SD MI,Kelas 2,0
2310,9789792820690,Sinau Basa Jawa Kelas 2 SD,Kelas 2,0
2311,9786022821649,Buku Guru: SD MI Kelas 2 Tema 1 Hidup rukun,Kelas 2,0
2312,9786022821663,Buku Guru: SD MI Kelas 2 Tema 2 Bermain di Lingkunganku,Kelas 2,0
2313,9786022821687,Buku Guru: SD MI Kelas 2 Tema 3 Tugasku Sehari-hari,Kelas 2,0
2314,9786022821700,Buku Guru: SD MI Kelas 2 Tema 4 Aku dan Sekolahku,Kelas 2,0
2315,9786022825029,Buku Guru: SD MI Kelas 2 Tema 5 Hidup Bersih dan Sehat,Kelas 2,0
2316,9786022820482,Buku Guru: Pendidikan Agama Islam dan Budi Pekerti SD Kelas II,Kelas 2,0
2317,9786022820413,Buku Guru: Pendidikan Agama Kristen dan Budi Pekerti SD kelas II,Kelas 2,0
2318,9786021530283,Buku Guru: Pendidikan Agama Hindu dan Budi Pekerti SD kelas II,Kelas 2,0
2558,9794629278,Pendidikan Kewarganegaraan SD MI Kelas 2,Kelas 2,0
2559,9794629162,Indahnya Bahasa dan Sastra Indonesia untuk SD MI Kelas II,Kelas 2,0
2560,9794629322,Senang Matematika untuk SD MI kelas 2,Kelas 2,0
2561,9794628794,Ilmu Pengetahuan Alam 2 untuk SD MI Kelas 2,Kelas 2,0
2562,9794628727,Mengenal Lingkungan Sekitar kelas Ilmu Pengetahuan Sosial untuk Kelas II SD MI,Kelas 2,0
2563,9789790950054,Pendidikan Jasmani Olahraga dan Kesehatan untuk kelas II SD MI,Kelas 2,0
2564,9789792817850,Kulina Basa Jawa 2 SD,Kelas 2,0
2565,,Sinau Basa Jawa 2 SD,Kelas 2,0
2567,,Pendidikan Agama Khonghucu Aku Seorang Junzi 2,Kelas 2,0
243,9789790685086,Pintar Berbahasa Indonesia,Kelas 3,0
244,9789790685147,Aku Bisa Bahasa Indonesia,Kelas 3,0
245,9789790684959,Bahasa Indonesia,Kelas 3,0
246,9789790684959,Bahasa Indonesia,Kelas 3,0
247,9789790680258,Bahasa Indonesia,Kelas 3,0
251,9789790685772,Ilmu Pengetahuan Alam,Kelas 3,0
252,9789790685772,Ilmu Pengetahuan Alam,Kelas 3,0
253,9789790686182,Mengenal Lingkungan Sekitar 3,Kelas 3,0
254,9789790685727,Mengenal Alam,Kelas 3,0
255,9789790685772,Ilmu Pengetahuan Alam,Kelas 3,0
256,9789790680357,Asiknya Belajar Ilmu Pengetahuan Alam,Kelas 3,0
258,9794629693,Ilmu Pengetahuan Alam dan Lingkunganku SD/MI,Kelas 3,0
259,9794629693,Ilmu Pengetahuan Alam 3,Kelas 3,0
260,9794628921,Senang Belajar Ilmu Pengetahuan Alam,Kelas 3,0
261,9794628484979,Ilmu Pengetahuan Sosial,Kelas 3,0
262,9789790685970,Ilmu Pengetahuan Sosial,Kelas 3,0
263,9789790685970,Ilmu Pengetahuan Sosial,Kelas 3,0
265,9789790680166,Ilmu Pengetahuan Sosial 3,Kelas 3,0
266,9789790680081,Ilmu Pengetahuan Sosial 3,Kelas 3,0
270,9789790685604,Gemar Belajar Matematika 3,Kelas 3,0
271,9789790685284,Matematika,Kelas 3,0
272,9789790685284,Matematika,Kelas 3,0
274,979462937,Cerdas Berhitung Matematika 3,Kelas 3,0
275,9789790686250,Pendidikan Kewarganegaraan,Kelas 3,0
276,9789790686250,Pendidikan Kewarganegaraan,Kelas 3,0
277,9789790686250,Pendidikan Kewarganegaraan 3,Kelas 3,0
278,9789790680821,Pendidikan Kewarganegaraan,Kelas 3,0
279,9789790680982,Mari Belajar Pendidikan Kewarganegaraan 3,Kelas 3,0
280,9789790680821,Pendidikan Kewarganegaraan 3,Kelas 3,0
281,9791198497,Pendidikan Kewarganegaraan,Kelas 3,0
282,9794629677,Pendidikan Kewarganegaraan SD/MI,Kelas 3,0
283,9794629243,Pendidikan Kewarganegaraan: Menjadi,Kelas 3,0
818,979462937,Cerdas Berhitung Matematika 3 untuk SD MI Kelas 3,Kelas 3,0
819,9794629499,Ilmu Pengetahuan Sosial SD dan MI Kelas III,Kelas 3,0
820,9790000000000,Pendidikan Jasmani Olahraga dan Kesehatan untuk kelas III SD MI,Kelas 3,0
979,9786022827801,Buku Siswa SD MI Kelas 3 Tema 5  Mengenal Olahraga dan Permainan Tradisional,Kelas 3,0
980,9786022827818,Buku Siswa SD MI Kelas 3 Tema 6 Indahnya Persahabatan,Kelas 3,0
981,9786022827832,Buku Siswa SD MI Kelas 3 Tema 8 Bumi dan Alam Semesta,Kelas 3,0
982,9789791274746,Pendidikan Agama Kristen dan Budi Pekerti SD/MI kelas III,Kelas 3,0
1075,9791198497,Pendidikan Kewarganegaraan untuk SD/MI Kelas 3,Kelas 3,0
1076,,Aku Bangga Bahasa Indonesia,Kelas 3,0
1077,9794628921,Ilmu Pengetahuan Alam Untuk SD dan MI kelas III,Kelas 3,0
1098,,Pendidikan Agama Islam 3,Kelas 3,0
1099,,Pendidikan Agama Khonghucu Aku Seorang Junzi 3,Kelas 3,0
1269,9786022827764,Buku Siswa SD MI Kelas 3 Tema 1 Perkembangbiakan Hewan dan Tumbuhan,Kelas 3,0
1270,9786022827771,Buku Siswa SD MI Kelas 3 Tema 2 Perkembangan Teknologi,Kelas 3,0
1271,9786022827788,Buku Siswa SD MI Kelas 3 Tema 3 Perubahan Di Alam,Kelas 3,0
1272,9786022827795,Buku Siswa SD MI Kelas 3 Tema 4 Peduli Lingkungan Sosial,Kelas 3,0
1273,9786022827825,Buku Siswa SD MI Kelas 3 Tema 7 Energi dan Perubahannya,Kelas 3,0
1274,9789791274678,Pendidikan Agama Islam dan Budi Pekerti SD/MI Kelas III,Kelas 3,0
1275,9789791274814,Pendidikan Agama Katolik dan Budi Pekerti SD Kelas III,Kelas 3,0
1276,9786022827351,Buku Guru SD/MI Kelas 3 Tema 1 Perkembangan Hewan dan Tumbuhan,Kelas 3,0
1277,9786022827368,Buku Guru SD/MI Kelas 3 Tema 2 Perkembangan Teknologi,Kelas 3,0
1278,9786022827375,Buku Guru SD/MI Kelas 3 Tema 3 Perubahan di Alam,Kelas 3,0
1279,9786022827450,Buku Guru SD/MI Kelas 3 Tema 5 Mengenal Olahraga dan Permainan Tradisional,Kelas 3,0
1280,9786022827467,Buku Guru SD/MI Kelas 3 Tema 6 Indahnya Persahabatan,Kelas 3,0
1281,9786022827474,Buku Guru SD/MI Kelas 3 Tema 7 Energi dan Perubahannya,Kelas 3,0
2319,9786022827764,Buku Siswa: SD MI Kelas 3 Tema 1 Perkembangbiakan Hewan dan Tumbuhan,Kelas 3,0
2320,9786022827771,Buku Siswa: SD MI Kelas 3 Tema 2 Perkembangan Teknologi,Kelas 3,0
2321,9786022827788,Buku Siswa: SD MI Kelas 3 Tema 3 Perubahan di Alam,Kelas 3,0
2322,9786022827795,Buku Siswa: SD MI Kelas 3 Tema 4 Peduli Lingkungan Sosial,Kelas 3,0
2323,9786022827801,Buku Siswa: SD MI Kelas 3 Tema 5 Mengenal Olahraga dan Permainan Tradisional,Kelas 3,0
2324,9786022827818,Buku Siswa: SD MI Kelas 3 Tema 6 Indahnya Persahabatan,Kelas 3,0
2325,9786022827825,Buku Siswa: SD MI Kelas 3 Tema 7 Energi dan Perubahannya,Kelas 3,0
2326,9786022827832,Buku Siswa: SD MI Kelas 3 Tema 8 Bumi dan Alam Semesta,Kelas 3,0
2327,9789791274678,Buku Siswa: Pendidikan Agama Islam dan Budi Pekerti SD MI Kelas III,Kelas 3,0
2328,9789791274746,Buku Siswa: Pendidikan Agama Kristen dan Budi Pekerti SD MI kelas III,Kelas 3,0
2329,9789791274814,Buku Siswa: Pendidikan Agama Katolik dan Budi Pekerti SD Kelas III,Kelas 3,0
2330,9789792817867,Kulina Basa Jawa Kangge Kelas 3 SD MI,Kelas 3,0
2331,9789792820706,Sinau Basa Jawa Kelas 3 SD,Kelas 3,0
2332,9786022827351,Buku Guru: SD MI Kelas 3 Tema 1 Perkembangan Hewan dan Tumbuhan,Kelas 3,0
2333,9786022827368,Buku Guru: SD MI Kelas 3 Tema 2 Perkembangan Teknologi,Kelas 3,0
2334,9786022827375,Buku Guru: SD MI Kelas 3 Tema 3 Perubahan di Alam,Kelas 3,0
2335,9786022827450,Buku Guru: SD MI Kelas 3 Tema 5 Mengenal Olahraga dan Permainan Tradisional,Kelas 3,0
2336,9786022827467,Buku Guru: SD MI Kelas 3 Tema 6 Indahnya Persahabatan,Kelas 3,0
2337,9786022827474,Buku Guru: SD MI Kelas 3 Tema 7 Energi dan Perubahannya,Kelas 3,0
2568,9791198497,Pendidikan Kewarganegaraan untuk SD MI Kelas 3,Kelas 3,0
2569,9794628425,Aku Bangga Bahasa Indonesia Sekolah Dasar Kelas 3,Kelas 3,0
2570,979462937,Cerdas Berhitung Matematika 3 untuk SD MI Kelas 3,Kelas 3,0
2571,9794628921,Ilmu Pengetahuan Alam untuk SD dan MI kelas III,Kelas 3,0
2572,9794629499,Ilmu Pengetahuan Sosial SD dan MI Kelas III,Kelas 3,0
2573,9789790950054,Pendidikan Jasmani Olahraga dan Kesehatan untuk kelas III SD MI,Kelas 3,0
2574,9789792817867,Kulina Basa Jawa 3 SD,Kelas 3,0
2575,,Sinau Basa Jawa 3 SD,Kelas 3,0
2577,9789790955585,Pendidikan Agama Islam 3,Kelas 3,0
2578,9789790956292,Pendidikan Agama Khonghucu Aku Seorang Junzi 3,Kelas 3,0
284,9789790684959,Bahasa Indonesia,Kelas 4,0
285,9789790685192,Belajar Bahasa Indonesia Itu Menyenangkan,Kelas 4,0
286,9789790685177,Aku Bisa Bahasa Indonesia,Kelas 4,0
287,9789790684959,Bahasa Indonesia,Kelas 4,0
289,9789790860258,Bahasa Indonesia 4,Kelas 4,0
290,9789790680470,Bangga Berbahasa Indonesia,Kelas 4,0
292,9789790685772,Ilmu Pengetahuan Alam,Kelas 4,0
293,9789790685772,Ilmu Pengetahuan Alam dan Lingkunganku,Kelas 4,0
294,9789790685772,Ilmu Pengetahuan Alam,Kelas 4,0
295,9789790686182,Mengenal Lingkungan Sekitar 4,Kelas 4,0
296,9789790685772,Ilmu Pengetahuan Alam,Kelas 4,0
298,9789790680531,Sains 4,Kelas 4,0
299,9794629537,Ilmu Pengetahuan Alam,Kelas 4,0
300,9794629634,Ilmu Pengetahuan Alam SD dan MI Kelas 4,Kelas 4,0
301,9794629456,Ilmu Pengetahuan Alam 4,Kelas 4,0
303,9789790685970,Ilmu Pengetahuan Sosial 4,Kelas 4,0
304,9789790685970,Ilmu Pengetahuan Sosial,Kelas 4,0
305,9789790685970,Ilmu Pengetahuan Sosial,Kelas 4,0
308,9789790680081,Ilmu Pengetahuan Sosial,Kelas 4,0
309,9794629650,Ilmu Pengetahuan Sosial 4,Kelas 4,0
310,9794629502,Cerdas Pengetahuan Sosial,Kelas 4,0
311,9794628808,Ilmu Pengetahuan Sosial 4,Kelas 4,0
312,9789790685543,Asyiknya Belajar Matematika,Kelas 4,0
313,9789790685284,Matematika,Kelas 4,0
314,9789790685475,Pandai Berhitung Matematika,Kelas 4,0
315,9789790685284,Matematika,Kelas 4,0
316,9789790685284,Matematika,Kelas 4,0
317,9789790685604,Gemar Belajar Matematika,Kelas 4,0
318,9789790685284,Matematika,Kelas 4,0
319,9789790685673,Pintar Bermatematika,Kelas 4,0
321,9789790686489,Terampil Cerdas Belajar Pendidikan Kewarganegaraan,Kelas 4,0
322,9789790686250,Pendidikan Kewarganegaraan,Kelas 4,0
323,9789790686250,Pendidikan Kewarganegaraan,Kelas 4,0
324,9789790686250,Pendidikan Kewarganegaraan,Kelas 4,0
325,9789790686250,Pendidikan Kewarganegaraan,Kelas 4,0
326,9789790680821,Pendidikan Kewarganegaraan 4,Kelas 4,0
328,9794625728,Pendidikan Kewarganegaraan,Kelas 4,0
329,9794629391,Pendidikan Kewarganegaraan SD/MI,Kelas 4,0
330,9794629251,Pendidikan Kewarganegaraan: Menjadi Warga Negara Yang Baik,Kelas 4,0
821,9794629391,Pendidikan Kewarganegaraan Bangga Menjadi Insan Pancasila Untuk SD MI Kelas IV,Kelas 4,0
822,9794625957,Ayo Belajar Matematika Untuk SD dan MI Kelas IV,Kelas 4,0
823,9789790950054,Pendidikan Jasmani Olahraga dan Kesehatan untuk kelas IV SD MI,Kelas 4,0
983,9786022821472,Buku Siswa SD/MI Kelas 4 Tema 1 Indahnya Kebersamaan,Kelas 4,0
984,9786022821519,Buku Siswa SD/MI Kelas 4 Tema 3 Peduli Terhadap Makhluk Hidup,Kelas 4,0
985,9786022821632,Buku Siswa SD/MI Kelas 4 Tema 9 Makananku Sehat dan Bergizi,Kelas 4,0
1078,9794629456,Ilmu Pengetahuan Alam untuk SD/MI Kelas IV,Kelas 4,0
1079,9794628808,Ilmu Pengetahuan Sosial Untuk SD/MI Kelas 4,Kelas 4,0
1100,,Pendidikan Agama Islam 4,Kelas 4,0
1101,,Pendidikan Agama Khonghucu Aku Seorang Junzi 4,Kelas 4,0
1102,,Bahasa Indonesia SD MI 4,Kelas 4,0
1103,,Seni Budaya dan Keterampilan Kelas 4 SD MI,Kelas 4,0
1282,9786022821496,Buku Siswa SD/MI Kelas 4 Tema 2 Selalu Berhemat Energi,Kelas 4,0
1283,9786022821533,Buku Siswa SD/MI Kelas 4 Tema 4 Berbagai Pekerjaan,Kelas 4,0
1284,9786022821557,Buku Siswa SD/MI Kelas 4 Tema 5 Pahlawanku,Kelas 4,0
1285,,Buku Siswa SD/MI Kelas 4 Tema 6 Indahnya Negeriku,Kelas 4,0
1286,,Buku Siswa SD/MI Kelas 4 Tema 7 Cita citaku,Kelas 4,0
1287,9786022821601,Buku Siswa SD/MI Kelas 4 Tema 8 Tempat Tinggalku,Kelas 4,0
1288,9786022821823,Pendidikan Agama Islam dan Budi Pekerti SD/MI Kelas IV,Kelas 4,0
1289,9786022821960,Pendidikan Agama Kristen dan Budi Pekerti Allah Maha Kuasa SD Kelas IV,Kelas 4,0
1290,9789791274814,Pendidikan Agama Katholik dan Budi Pekerti Menjadi Murid Yesus SD Kelas IV,Kelas 4,0
1291,9789791274883,Buku Siswa Pendidikan Agama Hindu dan Budi Pekerti SD kelas IV,Kelas 4,0
1292,9786021530078,Buku Siswa Pendidikan Agama Budha dan Budi Pekerti SD kelas IV,Kelas 4,0
1293,9786022821465,Buku Guru SD/MI Kelas 4 Tema 1 Indahnya Kebersamaan,Kelas 4,0
1294,9786022821489,Buku Guru SD/MI Kelas 4 Tema 2 Selalu Berhemat Energi,Kelas 4,0
1295,9786022821502,Buku Guru SD/MI Kelas 4 Tema 3 Peduli Terhadap Makhluk Hidup,Kelas 4,0
1296,9786022821526,Buku Guru SD/MI Kelas 4 Tema 4 Berbagai Pekerjaan,Kelas 4,0
1297,,Buku Guru SD/MI Kelas 4 Tema 5 Pahlawanku,Kelas 4,0
1298,9786022821564,Buku Guru SD/MI Kelas 4 Tema 6 Indahnya Negeriku,Kelas 4,0
1299,9786022821588,Buku Guru SD/MI Kelas 4 Tema 7 Cita-Citaku,Kelas 4,0
1300,,Buku Guru SD/MI Kelas 4 Tema 8 Tempat tinggalku,Kelas 4,0
1301,,Buku Guru SD/MI Kelas 4 Tema 9 Makananku sehat dan Bergizi,Kelas 4,0
1302,9786022820482,Buku Guru Pendidikan Agama Islam dan Budi Pekerti SD/MI Kelas IV,Kelas 4,0
2338,9786022821472,Buku Siswa: SD MI Kelas 4 Tema 1 Indahnya Kebersamaan,Kelas 4,0
2339,9786022821496,Buku Siswa: SD MI Kelas 4 Tema 2 Selalu Berhemat Energi,Kelas 4,0
2340,9786022821519,Buku Siswa: SD MI Kelas 4 Tema 3 Peduli Terhadap Makhluk Hidup,Kelas 4,0
2341,9786022821533,Buku Siswa: SD MI Kelas 4 Tema 4 Berbagai Pekerjaan,Kelas 4,0
2342,9786022821557,Buku Siswa: SD MI Kelas 4 Tema 5 Pahlawanku,Kelas 4,0
2343,,Buku Siswa: SD MI Kelas 4 Tema 6 Indahnya Negeriku,Kelas 4,0
2344,,Buku Siswa: SD MI Kelas 4 Tema 7 Cita citaku,Kelas 4,0
2345,9786022821601,Buku Siswa: SD MI Kelas 4 Tema 8 Tempat Tinggalku,Kelas 4,0
2346,9786022821632,Buku Siswa: SD MI Kelas 4 Tema 9 Makananku Sehat dan Bergizi,Kelas 4,0
2347,9786022821823,Buku Siswa: Pendidikan Agama Islam dan Budi Pekerti SD MI Kelas IV,Kelas 4,0
2348,9786022821960,Buku Siswa: Pendidikan Agama Kristen dan Budi Pekerti Allah Maha Kuasa SD Kelas IV,Kelas 4,0
2349,9789791274814,Buku Siswa: Pendidikan Agama Katholik dan Budi Pekerti Menjadi Murid Yesus SD Kelas IV,Kelas 4,0
2350,9789791274883,Buku Siswa: Pendidikan Agama Hindu dan Budi Pekerti SD kelas IV,Kelas 4,0
2351,9786021530078,Buku Siswa: Pendidikan Agama Budha dan Budi Pekerti SD kelas IV,Kelas 4,0
2352,9789792817874,Kulina Basa Jawa Kangge Kelas 4 SD MI,Kelas 4,0
2353,9789792820713,Sinau Basa Jawa Kelas 4 SD,Kelas 4,0
2354,9786022821465,Buku Guru: SD MI Kelas 4 Tema 1 Indahnya Kebersamaan,Kelas 4,0
2355,9786022821489,Buku Guru: SD MI Kelas IV Tema 2 Selalu Berhemat Energi,Kelas 4,0
2356,9786022821502,Buku Guru: SD MI Kelas IV Tema 3 Peduli Terhadap Makhluk Hidup,Kelas 4,0
2357,9786022821526,Buku Guru: SD MI Kelas 4 Tema 4 Berbagai Pekerjaan,Kelas 4,0
2358,,Buku Guru: SD MI Kelas 4 Tema 5 Pahlawanku,Kelas 4,0
2359,9786022821564,Buku Guru: SD MI Kelas 4 Tema 6 Indahnya Negeriku,Kelas 4,0
2360,9786022821588,Buku Guru: SD MI Kelas 4 Tema 7 Cita-Citaku,Kelas 4,0
2361,,Buku Guru: SD MI Kelas 4 Tema 8 Tempat tinggalku,Kelas 4,0
2362,,Buku Guru: SD MI Kelas 4 Tema 9 Makananku sehat dan Bergizi,Kelas 4,0
2363,9786022820482,Buku Guru: Pendidikan Agama Islam dan Budi Pekerti SD MI Kelas IV,Kelas 4,0
2579,9794629391,Pendidikan Kewarganegaraan Bangga Menjadi Insan Pancasila untuk SD MI Kelas IV,Kelas 4,0
2580,,Bahasa Indonesia SD MI 4,Kelas 4,0
2581,9794625957,Ayo Belajar Matematika untuk SD dan MI Kelas IV,Kelas 4,0
2582,9794629456,Ilmu Pengetahuan Alam untuk SD MI Kelas IV,Kelas 4,0
2583,9794628808,Ilmu Pengetahuan Sosial untuk SD MI Kelas 4,Kelas 4,0
2584,,Seni Budaya dan Keterampilan Kelas 4 SD MI,Kelas 4,0
2585,9789790950054,Pendidikan Jasmani Olahraga dan Kesehatan untuk kelas IV SD MI,Kelas 4,0
2586,9789792817874,Kulina Basa Jawa 4 SD,Kelas 4,0
2587,,Sinau Basa Jawa 4 SD,Kelas 4,0
2589,,Pendidikan Agama Islam 4,Kelas 4,0
2590,,Pendidikan Agama Khonghucu Aku Seorang Junzi 4,Kelas 4,0
331,9789790684959,Bahasa Indonesia,Kelas 5,0
332,9789790685192,Belajar Bahasa Indonesia Itu Menyenangkan,Kelas 5,0
333,9789790685086,Pintar Berbahasa Indonesia,Kelas 5,0
334,9789790684959,Bahasa Indonesia,Kelas 5,0
336,9794629170,Indahnya Bahasa dan Sastra Indonesia Kelas 5,Kelas 5,0
337,9794628360,Bahasa Indonesia,Kelas 5,0
338,9794628395,Bahasa Indonesia Membuatku Cerdas,Kelas 5,0
339,9789790685772,Ilmu Pengetahuan Alam,Kelas 5,0
340,9789790685772,Ilmu Pengetahuan Alam,Kelas 5,0
341,9789790685772,Ilmu Pengetahuan Alam dan Lingkunganku,Kelas 5,0
343,9789790686182,Mengenal Lingkungan Sekitar 5,Kelas 5,0
344,9789790680012,Ilmu Pengetahuan Alam 5,Kelas 5,0
345,9789790680012,Ilmu Pengetahuan Alam 5,Kelas 5,0
348,9794629022,IPA SalingTemas,Kelas 5,0
349,9796428484979,Senang Belajar Ilmu Pengetahuan Alam,Kelas 5,0
350,9789790686175,Ilmu Pengetahuan Sosial,Kelas 5,0
351,9789790685970,Ilmu Pengetahuan Sosial,Kelas 5,0
352,9789790680081,Ilmu Pengetahuan Sosial 5,Kelas 5,0
353,9789790680081,Ilmu Pengetahuan Sosial,Kelas 5,0
354,9789790680081,Ilmu Pengetahuan Sosial 5,Kelas 5,0
355,9794628816,Ilmu Pengetahuan Sosial 5,Kelas 5,0
356,9794629340,Ilmu Pengetahuan Sosial Untuk SD/MI,Kelas 5,0
357,9789790685284,Matematika,Kelas 5,0
359,9789790685475,Pandai Berhitung Matematika,Kelas 5,0
360,9789790685604,Gemar Belajar Matematika,Kelas 5,0
361,9789790680395,Matematika,Kelas 5,0
362,9789790680395,Matematika V,Kelas 5,0
363,9794629057,Gemar Matematika,Kelas 5,0
364,9794628344,Matematika 5,Kelas 5,0
365,9789790686489,Terampil Cerdas Belajar Pendidikan Kewarganegaraan,Kelas 5,0
366,9789790686250,Pendidikan Kewarganegaraan,Kelas 5,0
367,9789790686250,Pendidikan Kewarganegaraan,Kelas 5,0
368,9789790686250,Pendidikan Kewarganegaraan,Kelas 5,0
369,9789790680821,Pendidikan Kewarganegaraan 5,Kelas 5,0
370,9789790680821,Pendidikan Kewarganegaraan 5,Kelas 5,0
371,9789790680821,Pendidikan Kewarganegaraan 5,Kelas 5,0
372,9794629286,Pendidikan Kewarganegaraan,Kelas 5,0
373,9794629820,Mari Belajar Kewarganegaraan SD/MI,Kelas 5,0
824,9794629286,Pendidikan Kewarganegaraan SD MI Kelas V,Kelas 5,0
825,9794629170,Indahnya Bahasa dan Sastra Indonesia Untuk SD MI Kelas V,Kelas 5,0
826,9794629057,Gemar Matematika 5 untuk kelas V SD MI,Kelas 5,0
827,9789790950054,Pendidikan Jasmani Olahraga dan Kesehatan untuk kelas V SD MI,Kelas 5,0
986,9786022821731,Buku Siswa SD MI Kelas 5 Tema 1 Benda - Benda Di Lingkungan Sekitar,Kelas 5,0
987,9786022821793,Buku Siswa SD MI Kelas 5 Tema 4 Sehat Itu Penting,Kelas 5,0
988,9786022821816,Buku Siswa SD MI Kelas 5 Tema 5 Bangga Sebagai Bangsa Indonesia,Kelas 5,0
989,9786022821472,Buku Siswa SD MI Kelas 5 Tema 8 Ekosistem,Kelas 5,0
990,9786022825159,Buku Siswa SD MI Kelas 5 Tema 9 Lingkungan Sahabat Kita,Kelas 5,0
991,9786021530627,Buku Guru Pendidikan Agama Islam dan Budi Pekerti SD Kelas V,Kelas 5,0
1080,9794629022,IPA 5 Salingemas untuk kelas V SD/MI,Kelas 5,0
1081,9794628816,Ilmu Pengetahuan Sosial untuk SD/MI Kelas 5,Kelas 5,0
1104,,Belajar Mengamalkan Agama Islam Pendidikan Agama Islam untuk SD Kelas V,Kelas 5,0
1105,,Pendidikan Agama Khonghucu Aku Seorang Junzi 5,Kelas 5,0
1303,9786022821755,Buku Siswa SD MI Kelas 5 Tema 2 Peristiwa Dalam Kehidupan,Kelas 5,0
1304,9786022821779,Buku Siswa SD MI Kelas 5 Tema 3 Kerukunan Dalam Bermasyarakat,Kelas 5,0
1305,9786022825104,Buku Siswa SD MI Kelas 5 Tema 6 Organ Tubuh Manusia dan Hewan,Kelas 5,0
1306,,Buku Siswa SD MI Kelas 5 Tema 7 Sejarah Peradaban Indonesia,Kelas 5,0
1307,9789791274678,Pendidikan Agama Islam dan Budi Pekerti SD MI Kelas V,Kelas 5,0
1308,9789791274746,Pendidikan Agama Kristen dan Budi Pekerti SD Kelas V,Kelas 5,0
1309,9789791274814,Pendidikan Agama Katholik dan Budi Pekerti Menjadi Murid Yesus SD Kelas V,Kelas 5,0
1310,9789791274883,Buku Siswa Pendidikan Agama Hindu dan Budi Pekerti SD kelas V,Kelas 5,0
1311,9789791530078,Buku Siswa Pendidikan Agama Budha dan Budi Pekerti SD kelas V,Kelas 5,0
1312,9789791530146,Buku Siswa Pendidikan Agama Konghucu dan Budi Pekerti SD kelas V,Kelas 5,0
1313,9786022821724,Buku Guru SD/MI Kelas 5 Tema 1: Benda - Benda Di Lingkungan Sekitar,Kelas 5,0
1314,9786022821748,Buku Guru SD/MI Kelas 5 Tema 2: Peristiwa dalam Kehidupan,Kelas 5,0
1315,9786022821762,Buku Guru SD/MI Kelas 5 Tema 3: Kerukunan dalam Bermasyarakat,Kelas 5,0
1316,9786022821786,Buku Guru SD/MI Kelas 5 Tema 4: Sehat itu Penting,Kelas 5,0
1317,9786022821809,Buku Guru SD/MI Kelas 5 Tema 5: Bangga Sebagai Bangsa Indonesia,Kelas 5,0
1318,9786022825128,Buku Guru SD/MI Kelas 5 Tema 7 : Sejarah Peradaban Indonesia,Kelas 5,0
1319,9786022825142,Buku Guru SD/MI Kelas 5 Tema 8: Ekosistem,Kelas 5,0
1320,9786022825166,Buku Guru SD/MI Kelas 5 Tema 9: Lingkungan Sahabat Kita,Kelas 5,0
1321,9786022820413,Buku Guru Pendidikan Agama Kristen dan Budi Pekerti SD kelas V,Kelas 5,0
1322,9786021530214,Buku Guru Pendidikan Agama Katholik dan Budi Pekerti SD kelas V,Kelas 5,0
1323,9789791530351,Buku Guru Pendidikan Agama Konghucu dan Budi Pekerti SD kelas V,Kelas 5,0
2364,9786022821731,Buku Siswa: SD MI Kelas 5 Tema 1 Benda - Benda di Lingkungan Sekitar,Kelas 5,0
2365,9786022821755,Buku Siswa: SD MI Kelas 5 Tema 2 Peristiwa Dalam Kehidupan,Kelas 5,0
2366,9786022821779,Buku Siswa: SD MI Kelas 5 Tema 3 Kerukunan Dalam Bermasyarakat,Kelas 5,0
2367,9786022821793,Buku Siswa: SD MI Kelas 5 Tema 4 Sehat Itu Penting,Kelas 5,0
2368,9786022821816,Buku Siswa: SD MI Kelas 5 Tema 5 Bangga Sebagai Bangsa Indonesia,Kelas 5,0
2369,9786022825104,Buku Siswa: SD MI Kelas 5 Tema 6 Organ Tubuh Manusia dan Hewan,Kelas 5,0
2370,,Buku Siswa: SD MI Kelas 5 Tema 7 Sejarah Peradaban Indonesia,Kelas 5,0
2371,9786022821472,Buku Siswa: SD MI Kelas 5 Tema 8 Ekosistem,Kelas 5,0
2372,9786022825159,Buku Siswa: SD MI Kelas 5 Tema 9 Lingkungan Sahabat Kita,Kelas 5,0
2373,9789791274678,Buku Siswa: Pendidikan Agama Islam dan Budi Pekerti SD MI Kelas V,Kelas 5,0
2374,9789791274746,Buku Siswa: Pendidikan Agama Kristen dan Budi Pekerti SD Kelas V,Kelas 5,0
2375,9789791274814,Buku Siswa: Pendidikan Agama Katholik dan Budi Pekerti Menjadi Murid Yesus SD Kelas V,Kelas 5,0
2376,9789791274883,Buku Siswa: Pendidikan Agama Hindu dan Budi Pekerti SD kelas V,Kelas 5,0
2377,9789791530078,Buku Siswa: Pendidikan Agama Budha dan Budi Pekerti SD kelas V,Kelas 5,0
2378,9789791530146,Buku Siswa: Pendidikan Agama Konghucu dan Budi Pekerti SD kelas V,Kelas 5,0
2379,9789792817881,Kulina Basa Jawa Kangge Kelas 5 SD MI,Kelas 5,0
2380,9789792820720,Sinau Basa Jawa Kelas 5 SD,Kelas 5,0
2381,9786022821724,Buku Guru: SD MI Kelas 5 Tema 1: Benda - Benda di Lingkungan Sekitar,Kelas 5,0
2382,9786022821748,Buku Guru: SD MI Kelas 5 Tema 2: Peristiwa dalam Kehidupan,Kelas 5,0
2383,9786022821762,Buku Guru: SD MI Kelas 5 Tema 3: Kerukunan dalam Bermasyarakat,Kelas 5,0
2384,9786022821786,Buku Guru: SD MI Kelas 5 Tema 4: Sehat itu Penting,Kelas 5,0
2385,9786022821809,Buku Guru: SD MI Kelas 5 Tema 5: Bangga Sebagai Bangsa Indonesia,Kelas 5,0
2386,9786022825128,Buku Guru: SD MI Kelas 5 Tema 7 : Sejarah Peradaban Indonesia,Kelas 5,0
2387,9786022825142,Buku Guru: SD MI Kelas 5 Tema 8: Ekosistem,Kelas 5,0
2388,9786022825166,Buku Guru: SD MI Kelas 5 Tema 9: Lingkungan Sahabat Kita,Kelas 5,0
2389,9786021530627,Buku Guru: Pendidikan Agama Islam dan Budi Pekerti SD Kelas V,Kelas 5,0
2390,9786022820413,Buku Guru: Pendidikan Agama Kristen dan Budi Pekerti SD kelas V,Kelas 5,0
2391,9786021530214,Buku Guru: Pendidikan Agama Katholik dan Budi Pekerti SD kelas V,Kelas 5,0
2392,9789791530351,Buku Guru: Pendidikan Agama Konghucu dan Budi Pekerti SD kelas V,Kelas 5,0
2591,9794629286,Pendidikan Kewarganegaraan SD MI Kelas V,Kelas 5,0
2592,9794629170,Indahnya Bahasa dan Sastra Indonesia untuk SD MI Kelas V,Kelas 5,0
2593,9794629057,Gemar Matematika 5 untuk kelas V SD MI,Kelas 5,0
2594,9794629022,IPA 5 Salingemas untuk kelas V SD MI,Kelas 5,0
2595,9794628816,Ilmu Pengetahuan Sosial untuk SD MI Kelas 5,Kelas 5,0
2596,9789790950054,Pendidikan Jasmani Olahraga dan Kesehatan untuk kelas V SD MI,Kelas 5,0
2597,9789792817881,Kulina Basa Jawa 5 SD,Kelas 5,0
2598,,Sinau Basa Jawa 5 SD,Kelas 5,0
2600,,Belajar Mengamalkan Agama Islam Pendidikan Agama Islam untuk SD Kelas V,Kelas 5,0
2601,,Pendidikan Agama Khonghucu Aku Seorang Junzi 5,Kelas 5,0
374,9789790684959,Bahasa Indonesia,Kelas 6,0
375,9789790685260,Cerdas dan Kreatif Berbahasa Indonesia,Kelas 6,0
376,9789790685253,Ayo Berbahasa Indonesia,Kelas 6,0
377,9789790684959,Bahasa Indonesia,Kelas 6,0
378,9789790680975,Aku Warga Negara Indonesia 6,Kelas 6,0
379,9789790681156,Mantap Berbahasa Indonesia 6,Kelas 6,0
380,9789790681132,Belajar Bahasa Indonesia Itu Menyenangkan 6,Kelas 6,0
381,9794626015,Bahasa Indonesia,Kelas 6,0
382,9794628409,Bahasa Indonesia Membuatku Cerdas,Kelas 6,0
383,9789790685772,Ilmu Pengetahuan Alam,Kelas 6,0
385,9789790685772,Ilmu Pengetahuan Alam,Kelas 6,0
386,9789790686182,Mengenal Lingkungan Sekitar 6,Kelas 6,0
387,9789790685727,Mengenal Alam,Kelas 6,0
389,9794629553,Ilmu Pengetahuan Alam Kelas VI,Kelas 6,0
390,9794629642,Ilmu Pengetahuan Alam SD dan MI Kelas VI,Kelas 6,0
391,9794629189,Ilmu Pengetahuan Alam 6,Kelas 6,0
392,9794628484979,Senang Belajar IPA kelas VI,Kelas 6,0
393,9789790685970,Ilmu Pengetahuan Sosial,Kelas 6,0
394,9789790685970,Ilmu Pengetahuan Sosial,Kelas 6,0
395,9789790685970,Ilmu Pengetahuan Sosial,Kelas 6,0
397,9789790685970,Ilmu Pengetahuan Sosial,Kelas 6,0
401,9789790689329,Belajar Matematika itu Mudah,Kelas 6,0
402,9789790685277,Matematika Gemar Berhitung,Kelas 6,0
403,9789790685284,Matematika,Kelas 6,0
404,9789790685284,Matematika,Kelas 6,0
405,9789790685475,Pandai Berhitung Matematika,Kelas 6,0
406,9789790685604,Gemar Belajar Matematika,Kelas 6,0
407,9789790680395,Matematika VI,Kelas 6,0
408,9794629057,Gemar Matematika,Kelas 6,0
410,9789790686250,Pendidikan Kewarganegaraan,Kelas 6,0
411,9789790686250,Wahana Belajar Pendidikan Kewarganegaraan,Kelas 6,0
412,9789790686250,Pendidikan Kewarganegaraan,Kelas 6,0
413,9789790686250,Pendidikan Kewarganegaraan,Kelas 6,0
414,9789790680821,Pendidikan Kewarganegaraan 6,Kelas 6,0
415,9789790680821,Pendidikan Kewarganegaraan 6,Kelas 6,0
416,9794629294,Pendidikan Kewarganegaraan,Kelas 6,0
417,9794628948,Pendidikan Kewarganegaraan 6,Kelas 6,0
828,9794629294,Pendidikan Kewarganegaraan SD MI Kelas VI,Kelas 6,0
829,9794629065,Gemar Matematika 6 untuk Kelas VI SD MI,Kelas 6,0
830,9784629189,Ilmu Pengetahuan Alam Untuk Kelas VI SD MI,Kelas 6,0
831,9789790950054,Pendidikan Jasmani Olahraga dan Kesehatan untuk kelas VI SD MI,Kelas 6,0
992,9786022827924,Buku Siswa SD MI Kelas 6 Tema 9 Menjelajah Angkasa Luar,Kelas 6,0
993,9786022820413,Pendidikan Agama Kristen dan Budi Pekerti Kelas 6,Kelas 6,0
994,9789791274814,Pendidikan Agama Katolik dan Budi Pekerti Kelas 6,Kelas 6,0
1082,9794629227,Bahasa Indonesia Untuk Kelas 6 SD/MI,Kelas 6,0
1106,,Belajar Mengamalkan Agama Islam Pendidikan Agama Islam,Kelas 6,0
1107,,Pendidikan Agama Khonghucu Aku Seorang Junzi 6,Kelas 6,0
1108,9794629030,IPS untuk kelas VI SD MI,Kelas 6,0
1109,,Seni Budaya dan Keterampilan,Kelas 6,0
1324,9786022827849,Buku Siswa SD MI Kelas 6 Tema 1 Selamatkan Makhuk Hidup,Kelas 6,0
1325,9786022827856,Buku Siswa SD MI Kelas 6 Tema 2 Persatuan Dalam Perbedaan,Kelas 6,0
1326,9786022827863,Buku Siswa SD MI Kelas 6 Tema 3 Tokoh dan Penemuan,Kelas 6,0
1327,9786022827870,Buku Siswa SD MI Kelas 6 Tema 4 Globalisasi,Kelas 6,0
1328,9786022827887,Buku Siswa SD MI Kelas 6 Tema 5 Wirausaha,Kelas 6,0
1329,9786022827894,Buku Siswa SD MI Kelas 6 Tema 6 Menuju Masyarakat Sehat,Kelas 6,0
1330,9786022827900,Buku Siswa SD MI Kelas 6 Tema 7 Kepemimpinan,Kelas 6,0
1331,9786022827917,Buku Siswa SD MI Kelas 6 Tema 8 Bumiku,Kelas 6,0
1332,9789791274678,Pendidikan Agama Islam dan Budi Pekerti SD MI Kelas VI,Kelas 6,0
1333,9786022827399,Buku Guru SD/MI Kelas 6 Tema 1: Selamatkan Makhluk Hidup,Kelas 6,0
1334,9786022827405,Buku Guru SD/MI Kelas 6 Tema 2: Persatuan Dalam Perbedaan,Kelas 6,0
1335,9786022827412,Buku Guru SD/MI Kelas 6 Tema 3: Tokoh dan Penemuan,Kelas 6,0
1336,9786022827429,Buku Guru SD/MI Kelas 6 Tema 4: Globalisasi,Kelas 6,0
1337,9786022827436,Buku Guru SD/MI Kelas 6 Tema 5: Wirausaha,Kelas 6,0
1338,9786022827443,Buku Guru SD/MI Kelas 6 Tema 6: Menuju Masyarakat Sehat,Kelas 6,0
1339,9786022827498,Buku Guru SD/MI Kelas 6 Tema 7: Kepemimpinan,Kelas 6,0
2393,9786022827849,Buku Siswa: SD MI Kelas 6 Tema 1 Selamatkan Makhuk Hidup,Kelas 6,0
2394,9786022827856,Buku Siswa: SD MI Kelas 6 Tema 2 Persatuan Dalam Perbedaan,Kelas 6,0
2395,9786022827863,Buku Siswa: SD MI Kelas 6 Tema 3 Tokoh dan Penemuan,Kelas 6,0
2396,9786022827870,Buku Siswa: SD MI Kelas 6 Tema 4 Globalisasi,Kelas 6,0
2397,9786022827887,Buku Siswa: SD MI Kelas 6 Tema 5 Wirausaha,Kelas 6,0
2398,9786022827894,Buku Siswa: SD MI Kelas 6 Tema 6 Menuju Masyarakat Sehat,Kelas 6,0
2399,9786022827900,Buku Siswa: SD MI Kelas 6 Tema 7 Kepemimpinan,Kelas 6,0
2400,9786022827917,Buku Siswa: SD MI Kelas 6 Tema 8 Bumiku,Kelas 6,0
2401,9786022827924,Buku Siswa: SD MI Kelas 6 Tema 9 Menjelajah Angkasa Luar,Kelas 6,0
2402,9789791274678,Buku Siswa: Pendidikan Agama Islam dan Budi Pekerti SD MI Kelas VI,Kelas 6,0
2403,9786022820413,Buku Siswa: Pendidikan Agama Kristen dan Budi Pekerti Kelas 6,Kelas 6,0
2404,9789791274814,Buku Siswa: Pendidikan Agama Katolik dan Budi Pekerti Kelas 6,Kelas 6,0
2405,9789792817898,Kulina Basa Jawa Kangge Kelas 6 SD MI,Kelas 6,0
2406,9789792820737,Sinau Basa Jawa Kelas 6 SD,Kelas 6,0
2407,9786022827399,Buku Guru: SD MI Kelas 6 Tema 1: Selamatkan Makhluk Hidup,Kelas 6,0
2408,9786022827405,Buku Guru: SD MI Kelas 6 Tema 2: Persatuan Dalam Perbedaan,Kelas 6,0
2409,9786022827412,Buku Guru: SD MI Kelas 6 Tema 3: Tokoh dan Penemuan,Kelas 6,0
2410,9786022827429,Buku Guru: SD MI Kelas 6 Tema 4: Globalisasi,Kelas 6,0
2411,9786022827436,Buku Guru: SD MI Kelas 6 Tema 5: Wirausaha,Kelas 6,0
2412,9786022827443,Buku Guru: SD MI Kelas 6 Tema 6: Menuju Masyarakat Sehat,Kelas 6,0
2413,9786022827498,Buku Guru: SD MI Kelas 6 Tema 7: Kepemimpinan,Kelas 6,0
2602,9794629294,Pendidikan Kewarganegaraan SD MI Kelas VI,Kelas 6,0
2603,9794629227,Bahasa Indonesia untuk Kelas 6 SD MI,Kelas 6,0
2604,9794629065,Gemar Matematika 6 untuk Kelas VI SD MI,Kelas 6,0
2605,9784629189,Ilmu Pengetahuan Alam untuk Kelas VI SD MI,Kelas 6,0
2606,9794629030,IPS untuk kelas VI SD MI,Kelas 6,0
2607,,Seni Budaya dan Keterampilan Kelas VI SD MI,Kelas 6,0
2608,9789790950054,Pendidikan Jasmani Olahraga dan Kesehatan untuk kelas VI SD MI,Kelas 6,0
2609,9789792817898,Kulina Basa Jawa 6 SD,Kelas 6,0
2610,,Sinau Basa Jawa 6 SD,Kelas 6,0
2612,,Belajar Mengamalkan Agama Islam Pendidikan Agama Islam untuk SD Kelas VI,Kelas 6,0
2613,,Pendidikan Agama Khonghucu Aku Seorang Junzi 6,Kelas 6,0
